name, email
Neurofeedback Zentrum München,info@ergotherapie-feiner.de
arcanum AG,kontakt@arcanum-gesundheitszentrum-leipzig.de
Praxis für Ergotherapie und Neurofeedback,info@neurofeedback-petzold.de
Psychotherapeutische Praxis,info@psychotherapie-neurofeedback-erber.de
Gemeinschaftspraxis für Ergotherapie,ergopraxis-abg@t-online.de
Praxis für Ergotherapie und Logopädie,r.junghahn@praxis-drittesohr.de
LOS-Jena,termin@praxis-info.info
IBK Sachsen,info@ibk-sachsen.de
Ergotherapiepraxis Schmöckwitz,a.schoenherz@web.de
Ergotherapiepraxis,ergotherapiepraxis@reha-steglitz.de
Arztpraxis,aku35@web.de
Dipl.-Psych. Reinhold Mändlein,rmaendlein@aol.com
querdenker Lerntherapie,kontakt@querdenker-wentorf.de
Ergotherapie Wieters,info@ergotherapie-wieters.de
Therapiezentrum Fuhlsbüttel,info@schuerholz-sievers.de
Praxis für Traumatherapie und Bewältigung von Lebenskrisen,francisca.volland@gmx.de
Dipl. Päd. Roland Jörs,rolandjoe@aol.com
Marc Brendamour,mb-22@gmx.de
Praxis für Ergotherapie,barbara-dittmann@t-online.de
Praxisnetz Schürholz Sievers Kiel / Hamburg,info@schuerholz-sievers.de
Praxis fuer Ergotherapie, Handtherapie & Rehabilitation Andrea B. Fries,info@ergotherapie-fries.de
Ergotherapie & Neurofeedback Praxis,mi.albien@gmail.com
Praxis für Ergotherapie und Neurofeedback,info@backhus-mennenga.de
Praxis für Ergotherapie,info@ergotherapie-in-varel.de
Praxis für Ergotherapie,info@ergotherapie-hedemann.de
Ergotherapie,info@juenemann-ergotherapie.de
Ergotherapie,info@juenemann-ergotherapie.de
Dr. Peter Krams,mail@peterkrams.de
Gabriele Schleginski (ehemals Becker),info@kindertherapie-schleginski.de
Ergotherapie in Hannover,ergotherapie-in-hannover@email.de
Heilpraxis Anette Pettau,A.Pettau@t-online.de
Praxis für Ergotherapie,franziskaweiss@teleos-web.de
Praxis für Homöopathie und Neurofeedback,info@heilpraktik-meier.de
Schloss Varenholz GmbH,neurofeedback@schloss-varenholz.de
Ergotherapie am Schloß,post@ergo-otto.de
Lena Ehrhard,info@ergotherapie-ehrhard.de
Niels Schnepel,info@ergo-nom.de
LaoTse ASP,bernd.koehler@laotse-asp.de
Praxis für Ergotherapie,s.carstens-lauer@gmx.net
Gemeinschaftspraxis für,m.meyer-krott@gmx.de
Praxis für Ergotherapie,info@ergotherapie-rommerskirchen.de
Dr. phil. Vogel, psychologischer Psychotherapeut,drvogel@hotmail.de
Praxis für Ergotherapie Klaus Cloos,klaus.cloos@ergotherapie-cloos.de
Praxis für Ergotherapie & Neurofeedback,kontakt@ergotherapie-geldern.de
Dipl. Psychologin Daniela Liffers-Kamp,info@psychotherapie-liffers.de
Praxis für Ergotherapie,info@ergotherapie-quakenbrueck.de
Praxis Ergo+Lern,info@ergo-lern.com
Ambulanzzentrum Meppen,ulrich.laukoetter@vitus.info
Ambulanzzentrum Haren,ulrich.laukoetter@vitus.info
Praxis Ergo+Lern,info@ergo-lern.com
Praxis für Neurofeedback und Physiotherapie,schmid@brainadvisor.de
Lernstudio Bensberg,info@lernstudio-bensberg.de
Lilija Schneider,info@ergotherapie-schneider.eu
Praxis Dr. med. Richard Hirth,doktor-hirth@gmx.de
Praxis für Ergotherapie,martinagrosch@t-online.de
Praxis für Ergotherapie,info@ergotherapie-fantasia.de
Praxis für Ergotherapie,info@ergotherapie-olpe.de
Ruhrtalklinik,ruhrtalklinik@t-online.de
PariSozial Ergotherapie,AndreaRoettger2@aol.com
Petra Rauch-Weitzel,petra-rauch-weitzel@t-online.de
Gabriele Hübner,gabi.emilia@yahoo.de
Ergotherapie Dachs,info@ergotherapie-dachs.de
Praxis für Ergotherapie,info@ergotherapie-strauss.de
Praxis für Ergotherapie,info@ergotherapie-eichholz.de
Praxis für Ergotherapie - Biofeedback - Neurofeedback,info@ergotherapie-strauss.de
Ergotherapie,kontakt@ergotherapie-weiss.de
arcanum AG,kontakt@arcanum-gesundheitszentrum.de
Praxis für Ergotherapie,kontakt@ergo-pfullingen.de
ergo.punkt GmbH,info@ergopunkt.info
ErgoScience,info@ergoscience-walther.de
Haus Fichtenhalde,breithaupt-peters@fichtenhalde.de
BDH-Therapiezentrums Ortenau am Klinikum Offenburg.,nfb.offenburg@gmail.com
Patricia Dornuf,nfb.offenburg@gmail.com
Neurofeedbackzentrum,neurolern@email.de
Praxis für Ergotherapie und Neurofeedback,heike.ebner@ebner-ergotherapie.de
Praxis für Mind-Body-Medizin & Neurofeedback,info@praxis-sammer.de
Doris König,doris_koenig@arcor.de
Praxis,info@praxis-karger.de
Ammersee-Mental-Zentrum:,info@neurofeedback-ammersee.de
Praxis für Mind-Body-Medizin & Neurofeedback,info@praxis-sammer.de
Praxis für Komplementärmedizin und Neurofeedback,veronikastaudacher@yahoo.de
Neurofeedback-Praxis JABEZ,Neurofeedback-Jabez@online.de
Praxis für Ergotherapie,info@ergotherapie-gmahl.de
Praxis für Ergotherapie, Handrehabilitation & Neurofeedback,ergo.linseis@web.de
Praxis für Ergotherapie,praxis@ergoteam-ingolstadt.de
Heilpraktiker f. Psychotherapie,j.chitralla@neuro-coaching.info
Praxis für Ergotherapie & Neurofeedback,ergo-binder@web.de
Praxis für Ergotherapie und Neurofeedback,epost@ergotherapie.in
Ergotherapie Christina Hafezi,ergo@hafezi.net
Tanja Watzinger,ergowatz@t-online.de
Martin Bucher,m.bucher@bucher-logopaedie.de
Johannes Mader,ergotherapie@praxis-ergolog.de
Praxis für Ergotherapie,praxis@ergoteam-langenzenn.de
Angela Fischlein,Fischlein-Erlangen@t-online.de
Praxis für Ergotherapie,mail@ergo-berching.de
Robert Schmidbauer,HNO-Beilngries@web.de
Ergotherapeutin,andrea.sollfrank@online.de
Ergotherapie Beierl & Prem GbR,info@ergo-voh.de
Ergotherapie Beierl & Prem GbR,info@ergo-voh.de
Ergotherapie Beierl & Prem GbR,info@ergo-voh.de
Medbo GmbH,wolfgang.pellkofer@medbo.de
Psychotherapeutische Praxis für Kinder und Jugendliche,kontakt@kjp-Hartl.de
Ergotherapie-Praxis,info@ergopraxis-biedermann.de
Praxis für Kinder- und Jugendmedizin,praxis@dr-handwerker.de
Praxis für Ergotherapie,ergo.niedermeier@t-online.de
Praxis für Psychotherapie (HPG) und Neurofeedback,info@bamberg-neurofeedback.de
Franz Wirth,franzwirth01@googlemail.com
Franz Wirth,franzwirth01@googlemail.com
Ergotherapeut Ralf Endres im Therapiezentrum Blassdörfer GbR,blassdoerfer@aol.com
Praxis für Ergotherapie,info@ergotherapie-praxis-grabe.de
Neurovit,info@neurovit.at
Praxis für Ergotherapie,info@ergotherapie-wunstorf.de
Praxis für Ergotherapie und Neurofeedback,info@ergotherapie-strassburger.de